{
  "Middle2": [
    "C_body_geo_0.vtx[237]", 
    "C_body_geo_0.vtx[249]", 
    "C_body_geo_0.vtx[254]", 
    "C_body_geo_0.vtx[269]", 
    "C_body_geo_0.vtx[311]", 
    "C_body_geo_0.vtx[342]", 
    "C_body_geo_0.vtx[1027]", 
    "C_body_geo_0.vtx[1028]", 
    "C_body_geo_0.vtx[1029]", 
    "C_body_geo_0.vtx[1030]", 
    "C_body_geo_0.vtx[1031]", 
    "C_body_geo_0.vtx[1032]"
  ], 
  "Elbow": [
    "C_body_geo_0.vtx[4089]", 
    "C_body_geo_0.vtx[4090]", 
    "C_body_geo_0.vtx[4092]", 
    "C_body_geo_0.vtx[4094]", 
    "C_body_geo_0.vtx[4096]", 
    "C_body_geo_0.vtx[4098]", 
    "C_body_geo_0.vtx[4100]", 
    "C_body_geo_0.vtx[4102]", 
    "C_body_geo_0.vtx[4104]", 
    "C_body_geo_0.vtx[4106]", 
    "C_body_geo_0.vtx[4164]", 
    "C_body_geo_0.vtx[5544]", 
    "C_body_geo_0.vtx[5549]", 
    "C_body_geo_0.vtx[5566]", 
    "C_body_geo_0.vtx[5568]"
  ], 
  "Middle0": [
    "C_body_geo_0.vtx[112]", 
    "C_body_geo_0.vtx[221]", 
    "C_body_geo_0.vtx[558]", 
    "C_body_geo_0.vtx[560]", 
    "C_body_geo_0.vtx[561]", 
    "C_body_geo_0.vtx[562]", 
    "C_body_geo_0.vtx[563]", 
    "C_body_geo_0.vtx[874]", 
    "C_body_geo_0.vtx[892]"
  ], 
  "Middle1": [
    "C_body_geo_0.vtx[240]", 
    "C_body_geo_0.vtx[241]", 
    "C_body_geo_0.vtx[242]", 
    "C_body_geo_0.vtx[243]", 
    "C_body_geo_0.vtx[245]", 
    "C_body_geo_0.vtx[246]", 
    "C_body_geo_0.vtx[247]", 
    "C_body_geo_0.vtx[267]", 
    "C_body_geo_0.vtx[268]", 
    "C_body_geo_0.vtx[1447]", 
    "C_body_geo_0.vtx[1451]"
  ], 
  "pelvis": [
    "C_body_geo_0.vtx[2079]", 
    "C_body_geo_0.vtx[2080]", 
    "C_body_geo_0.vtx[2081]", 
    "C_body_geo_0.vtx[2082]", 
    "C_body_geo_0.vtx[2083]", 
    "C_body_geo_0.vtx[2084]", 
    "C_body_geo_0.vtx[2085]", 
    "C_body_geo_0.vtx[2086]", 
    "C_body_geo_0.vtx[2087]", 
    "C_body_geo_0.vtx[2088]", 
    "C_body_geo_0.vtx[2089]", 
    "C_body_geo_0.vtx[2090]", 
    "C_body_geo_0.vtx[2091]", 
    "C_body_geo_0.vtx[2092]", 
    "C_body_geo_0.vtx[2121]", 
    "C_body_geo_0.vtx[2142]", 
    "C_body_geo_0.vtx[2143]", 
    "C_body_geo_0.vtx[2160]", 
    "C_body_geo_0.vtx[2161]", 
    "C_body_geo_0.vtx[2162]", 
    "C_body_geo_0.vtx[2163]", 
    "C_body_geo_0.vtx[2164]", 
    "C_body_geo_0.vtx[2165]", 
    "C_body_geo_0.vtx[2166]", 
    "C_body_geo_0.vtx[2167]", 
    "C_body_geo_0.vtx[2168]", 
    "C_body_geo_0.vtx[2169]", 
    "C_body_geo_0.vtx[2170]", 
    "C_body_geo_0.vtx[2171]", 
    "C_body_geo_0.vtx[2172]", 
    "C_body_geo_0.vtx[2173]", 
    "C_body_geo_0.vtx[2174]", 
    "C_body_geo_0.vtx[2175]", 
    "C_body_geo_0.vtx[2176]", 
    "C_body_geo_0.vtx[5751]", 
    "C_body_geo_0.vtx[5752]", 
    "C_body_geo_0.vtx[5758]", 
    "C_body_geo_0.vtx[5761]", 
    "C_body_geo_0.vtx[7980]", 
    "C_body_geo_0.vtx[7981]", 
    "C_body_geo_0.vtx[7982]", 
    "C_body_geo_0.vtx[7983]", 
    "C_body_geo_0.vtx[7984]", 
    "C_body_geo_0.vtx[7985]", 
    "C_body_geo_0.vtx[7986]", 
    "C_body_geo_0.vtx[7987]", 
    "C_body_geo_0.vtx[7988]", 
    "C_body_geo_0.vtx[7989]", 
    "C_body_geo_0.vtx[7990]", 
    "C_body_geo_0.vtx[7991]", 
    "C_body_geo_0.vtx[7992]", 
    "C_body_geo_0.vtx[7993]", 
    "C_body_geo_0.vtx[8022]", 
    "C_body_geo_0.vtx[8043]", 
    "C_body_geo_0.vtx[8044]", 
    "C_body_geo_0.vtx[8061]", 
    "C_body_geo_0.vtx[8062]", 
    "C_body_geo_0.vtx[8063]", 
    "C_body_geo_0.vtx[8064]", 
    "C_body_geo_0.vtx[8065]", 
    "C_body_geo_0.vtx[8066]", 
    "C_body_geo_0.vtx[8067]", 
    "C_body_geo_0.vtx[8068]", 
    "C_body_geo_0.vtx[8069]", 
    "C_body_geo_0.vtx[8070]", 
    "C_body_geo_0.vtx[8071]", 
    "C_body_geo_0.vtx[8072]", 
    "C_body_geo_0.vtx[8073]", 
    "C_body_geo_0.vtx[8074]", 
    "C_body_geo_0.vtx[8075]", 
    "C_body_geo_0.vtx[8076]", 
    "C_body_geo_0.vtx[8077]"
  ], 
  "Head": [
    "C_body_geo_0.vtx[2756]", 
    "C_body_geo_0.vtx[2807]", 
    "C_body_geo_0.vtx[2938]", 
    "C_body_geo_0.vtx[3114]", 
    "C_body_geo_0.vtx[8657]", 
    "C_body_geo_0.vtx[8708]", 
    "C_body_geo_0.vtx[8839]", 
    "C_body_geo_0.vtx[9015]"
  ], 
  "Leg": [
    "C_body_geo_0.vtx[2093]", 
    "C_body_geo_0.vtx[2097]", 
    "C_body_geo_0.vtx[2101]", 
    "C_body_geo_0.vtx[2102]", 
    "C_body_geo_0.vtx[2109]", 
    "C_body_geo_0.vtx[2110]", 
    "C_body_geo_0.vtx[2113]", 
    "C_body_geo_0.vtx[2117]", 
    "C_body_geo_0.vtx[2118]", 
    "C_body_geo_0.vtx[2122]", 
    "C_body_geo_0.vtx[2131]", 
    "C_body_geo_0.vtx[2132]", 
    "C_body_geo_0.vtx[2139]"
  ], 
  "Pinky1": [
    "C_body_geo_0.vtx[452]", 
    "C_body_geo_0.vtx[470]", 
    "C_body_geo_0.vtx[471]", 
    "C_body_geo_0.vtx[12249]", 
    "C_body_geo_0.vtx[12250]"
  ], 
  "Pinky3": [
    "C_body_geo_0.vtx[417]", 
    "C_body_geo_0.vtx[430]", 
    "C_body_geo_0.vtx[478]", 
    "C_body_geo_0.vtx[481]", 
    "C_body_geo_0.vtx[487]", 
    "C_body_geo_0.vtx[1082]", 
    "C_body_geo_0.vtx[1083]", 
    "C_body_geo_0.vtx[1084]", 
    "C_body_geo_0.vtx[1088]", 
    "C_body_geo_0.vtx[1089]", 
    "C_body_geo_0.vtx[1090]", 
    "C_body_geo_0.vtx[12242]"
  ], 
  "Pinky2": [
    "C_body_geo_0.vtx[408]", 
    "C_body_geo_0.vtx[409]", 
    "C_body_geo_0.vtx[453]", 
    "C_body_geo_0.vtx[465]", 
    "C_body_geo_0.vtx[466]", 
    "C_body_geo_0.vtx[1205]", 
    "C_body_geo_0.vtx[1206]", 
    "C_body_geo_0.vtx[1207]", 
    "C_body_geo_0.vtx[1208]", 
    "C_body_geo_0.vtx[1209]", 
    "C_body_geo_0.vtx[1210]", 
    "C_body_geo_0.vtx[12246]"
  ], 
  "chest": [
    "C_body_geo_0.vtx[3576]", 
    "C_body_geo_0.vtx[3577]", 
    "C_body_geo_0.vtx[3578]", 
    "C_body_geo_0.vtx[3579]", 
    "C_body_geo_0.vtx[3586]", 
    "C_body_geo_0.vtx[3587]", 
    "C_body_geo_0.vtx[3588]", 
    "C_body_geo_0.vtx[3589]", 
    "C_body_geo_0.vtx[3590]", 
    "C_body_geo_0.vtx[3591]", 
    "C_body_geo_0.vtx[3605]", 
    "C_body_geo_0.vtx[3637]", 
    "C_body_geo_0.vtx[3638]", 
    "C_body_geo_0.vtx[3639]", 
    "C_body_geo_0.vtx[3653]", 
    "C_body_geo_0.vtx[3665]", 
    "C_body_geo_0.vtx[3666]", 
    "C_body_geo_0.vtx[5679]", 
    "C_body_geo_0.vtx[5828]", 
    "C_body_geo_0.vtx[9477]", 
    "C_body_geo_0.vtx[9478]", 
    "C_body_geo_0.vtx[9479]", 
    "C_body_geo_0.vtx[9480]", 
    "C_body_geo_0.vtx[9487]", 
    "C_body_geo_0.vtx[9488]", 
    "C_body_geo_0.vtx[9489]", 
    "C_body_geo_0.vtx[9490]", 
    "C_body_geo_0.vtx[9491]", 
    "C_body_geo_0.vtx[9492]", 
    "C_body_geo_0.vtx[9506]", 
    "C_body_geo_0.vtx[9538]", 
    "C_body_geo_0.vtx[9539]", 
    "C_body_geo_0.vtx[9540]", 
    "C_body_geo_0.vtx[9554]", 
    "C_body_geo_0.vtx[9566]", 
    "C_body_geo_0.vtx[9567]"
  ], 
  "Hand": [
    "C_body_geo_0.vtx[111]", 
    "C_body_geo_0.vtx[210]", 
    "C_body_geo_0.vtx[217]", 
    "C_body_geo_0.vtx[218]", 
    "C_body_geo_0.vtx[281]", 
    "C_body_geo_0.vtx[282]", 
    "C_body_geo_0.vtx[285]", 
    "C_body_geo_0.vtx[288]", 
    "C_body_geo_0.vtx[293]", 
    "C_body_geo_0.vtx[367]", 
    "C_body_geo_0.vtx[371]", 
    "C_body_geo_0.vtx[542]", 
    "C_body_geo_0.vtx[544]", 
    "C_body_geo_0.vtx[559]", 
    "C_body_geo_0.vtx[854]", 
    "C_body_geo_0.vtx[855]", 
    "C_body_geo_0.vtx[856]", 
    "C_body_geo_0.vtx[857]", 
    "C_body_geo_0.vtx[858]", 
    "C_body_geo_0.vtx[859]", 
    "C_body_geo_0.vtx[860]", 
    "C_body_geo_0.vtx[861]", 
    "C_body_geo_0.vtx[862]", 
    "C_body_geo_0.vtx[863]", 
    "C_body_geo_0.vtx[864]", 
    "C_body_geo_0.vtx[865]", 
    "C_body_geo_0.vtx[866]", 
    "C_body_geo_0.vtx[867]", 
    "C_body_geo_0.vtx[1235]", 
    "C_body_geo_0.vtx[1274]", 
    "C_body_geo_0.vtx[1276]", 
    "C_body_geo_0.vtx[1290]"
  ], 
  "spine1": [
    "C_body_geo_0.vtx[3905]", 
    "C_body_geo_0.vtx[3906]", 
    "C_body_geo_0.vtx[3907]", 
    "C_body_geo_0.vtx[3908]", 
    "C_body_geo_0.vtx[3909]", 
    "C_body_geo_0.vtx[3910]", 
    "C_body_geo_0.vtx[3911]", 
    "C_body_geo_0.vtx[3912]", 
    "C_body_geo_0.vtx[3913]", 
    "C_body_geo_0.vtx[3914]", 
    "C_body_geo_0.vtx[3915]", 
    "C_body_geo_0.vtx[3916]", 
    "C_body_geo_0.vtx[3917]", 
    "C_body_geo_0.vtx[3918]", 
    "C_body_geo_0.vtx[3919]", 
    "C_body_geo_0.vtx[3920]", 
    "C_body_geo_0.vtx[3921]", 
    "C_body_geo_0.vtx[3922]", 
    "C_body_geo_0.vtx[3923]", 
    "C_body_geo_0.vtx[3924]", 
    "C_body_geo_0.vtx[3925]", 
    "C_body_geo_0.vtx[3926]", 
    "C_body_geo_0.vtx[3927]", 
    "C_body_geo_0.vtx[3928]", 
    "C_body_geo_0.vtx[3929]", 
    "C_body_geo_0.vtx[3930]", 
    "C_body_geo_0.vtx[3931]", 
    "C_body_geo_0.vtx[3932]", 
    "C_body_geo_0.vtx[3933]", 
    "C_body_geo_0.vtx[3934]", 
    "C_body_geo_0.vtx[3935]", 
    "C_body_geo_0.vtx[3936]", 
    "C_body_geo_0.vtx[3937]", 
    "C_body_geo_0.vtx[4528]", 
    "C_body_geo_0.vtx[5668]", 
    "C_body_geo_0.vtx[5669]", 
    "C_body_geo_0.vtx[5748]", 
    "C_body_geo_0.vtx[5749]", 
    "C_body_geo_0.vtx[9806]", 
    "C_body_geo_0.vtx[9807]", 
    "C_body_geo_0.vtx[9808]", 
    "C_body_geo_0.vtx[9809]", 
    "C_body_geo_0.vtx[9810]", 
    "C_body_geo_0.vtx[9811]", 
    "C_body_geo_0.vtx[9812]", 
    "C_body_geo_0.vtx[9813]", 
    "C_body_geo_0.vtx[9814]", 
    "C_body_geo_0.vtx[9815]", 
    "C_body_geo_0.vtx[9816]", 
    "C_body_geo_0.vtx[9817]", 
    "C_body_geo_0.vtx[9818]", 
    "C_body_geo_0.vtx[9819]", 
    "C_body_geo_0.vtx[9820]", 
    "C_body_geo_0.vtx[9821]", 
    "C_body_geo_0.vtx[9822]", 
    "C_body_geo_0.vtx[9823]", 
    "C_body_geo_0.vtx[9824]", 
    "C_body_geo_0.vtx[9825]", 
    "C_body_geo_0.vtx[9826]", 
    "C_body_geo_0.vtx[9827]", 
    "C_body_geo_0.vtx[9828]", 
    "C_body_geo_0.vtx[9829]", 
    "C_body_geo_0.vtx[9830]", 
    "C_body_geo_0.vtx[9831]", 
    "C_body_geo_0.vtx[9832]", 
    "C_body_geo_0.vtx[9833]", 
    "C_body_geo_0.vtx[9834]", 
    "C_body_geo_0.vtx[9835]", 
    "C_body_geo_0.vtx[9836]", 
    "C_body_geo_0.vtx[9837]", 
    "C_body_geo_0.vtx[9838]", 
    "C_body_geo_0.vtx[10429]"
  ], 
  "spine3": [
    "C_body_geo_0.vtx[3837]", 
    "C_body_geo_0.vtx[3840]", 
    "C_body_geo_0.vtx[3841]", 
    "C_body_geo_0.vtx[3842]", 
    "C_body_geo_0.vtx[3845]", 
    "C_body_geo_0.vtx[3847]", 
    "C_body_geo_0.vtx[3852]", 
    "C_body_geo_0.vtx[3853]", 
    "C_body_geo_0.vtx[3854]", 
    "C_body_geo_0.vtx[3855]", 
    "C_body_geo_0.vtx[3864]", 
    "C_body_geo_0.vtx[3865]", 
    "C_body_geo_0.vtx[3866]", 
    "C_body_geo_0.vtx[3867]", 
    "C_body_geo_0.vtx[3870]", 
    "C_body_geo_0.vtx[3872]", 
    "C_body_geo_0.vtx[3873]", 
    "C_body_geo_0.vtx[3874]", 
    "C_body_geo_0.vtx[3882]", 
    "C_body_geo_0.vtx[3883]", 
    "C_body_geo_0.vtx[3884]", 
    "C_body_geo_0.vtx[3885]", 
    "C_body_geo_0.vtx[3890]", 
    "C_body_geo_0.vtx[3891]", 
    "C_body_geo_0.vtx[3895]", 
    "C_body_geo_0.vtx[3896]", 
    "C_body_geo_0.vtx[3897]", 
    "C_body_geo_0.vtx[3898]", 
    "C_body_geo_0.vtx[3899]", 
    "C_body_geo_0.vtx[3900]", 
    "C_body_geo_0.vtx[3901]", 
    "C_body_geo_0.vtx[3902]", 
    "C_body_geo_0.vtx[3903]", 
    "C_body_geo_0.vtx[3904]", 
    "C_body_geo_0.vtx[5675]", 
    "C_body_geo_0.vtx[5676]", 
    "C_body_geo_0.vtx[5843]", 
    "C_body_geo_0.vtx[5844]", 
    "C_body_geo_0.vtx[9738]", 
    "C_body_geo_0.vtx[9741]", 
    "C_body_geo_0.vtx[9742]", 
    "C_body_geo_0.vtx[9743]", 
    "C_body_geo_0.vtx[9746]", 
    "C_body_geo_0.vtx[9748]", 
    "C_body_geo_0.vtx[9753]", 
    "C_body_geo_0.vtx[9754]", 
    "C_body_geo_0.vtx[9755]", 
    "C_body_geo_0.vtx[9756]", 
    "C_body_geo_0.vtx[9765]", 
    "C_body_geo_0.vtx[9766]", 
    "C_body_geo_0.vtx[9767]", 
    "C_body_geo_0.vtx[9768]", 
    "C_body_geo_0.vtx[9771]", 
    "C_body_geo_0.vtx[9773]", 
    "C_body_geo_0.vtx[9774]", 
    "C_body_geo_0.vtx[9775]", 
    "C_body_geo_0.vtx[9783]", 
    "C_body_geo_0.vtx[9784]", 
    "C_body_geo_0.vtx[9785]", 
    "C_body_geo_0.vtx[9786]", 
    "C_body_geo_0.vtx[9791]", 
    "C_body_geo_0.vtx[9792]", 
    "C_body_geo_0.vtx[9796]", 
    "C_body_geo_0.vtx[9797]", 
    "C_body_geo_0.vtx[9798]", 
    "C_body_geo_0.vtx[9799]", 
    "C_body_geo_0.vtx[9800]", 
    "C_body_geo_0.vtx[9801]", 
    "C_body_geo_0.vtx[9802]", 
    "C_body_geo_0.vtx[9803]", 
    "C_body_geo_0.vtx[9804]", 
    "C_body_geo_0.vtx[9805]"
  ], 
  "spine2": [
    "C_body_geo_0.vtx[3944]", 
    "C_body_geo_0.vtx[3947]", 
    "C_body_geo_0.vtx[3948]", 
    "C_body_geo_0.vtx[3960]", 
    "C_body_geo_0.vtx[3961]", 
    "C_body_geo_0.vtx[3963]", 
    "C_body_geo_0.vtx[3974]", 
    "C_body_geo_0.vtx[3975]", 
    "C_body_geo_0.vtx[3977]", 
    "C_body_geo_0.vtx[3978]", 
    "C_body_geo_0.vtx[3989]", 
    "C_body_geo_0.vtx[3994]", 
    "C_body_geo_0.vtx[3995]", 
    "C_body_geo_0.vtx[3996]", 
    "C_body_geo_0.vtx[3997]", 
    "C_body_geo_0.vtx[3998]", 
    "C_body_geo_0.vtx[3999]", 
    "C_body_geo_0.vtx[5672]", 
    "C_body_geo_0.vtx[5845]", 
    "C_body_geo_0.vtx[9845]", 
    "C_body_geo_0.vtx[9848]", 
    "C_body_geo_0.vtx[9849]", 
    "C_body_geo_0.vtx[9861]", 
    "C_body_geo_0.vtx[9862]", 
    "C_body_geo_0.vtx[9864]", 
    "C_body_geo_0.vtx[9875]", 
    "C_body_geo_0.vtx[9876]", 
    "C_body_geo_0.vtx[9878]", 
    "C_body_geo_0.vtx[9879]", 
    "C_body_geo_0.vtx[9890]", 
    "C_body_geo_0.vtx[9895]", 
    "C_body_geo_0.vtx[9896]", 
    "C_body_geo_0.vtx[9897]", 
    "C_body_geo_0.vtx[9898]", 
    "C_body_geo_0.vtx[9899]", 
    "C_body_geo_0.vtx[9900]"
  ], 
  "Thumb2": [
    "C_body_geo_0.vtx[82]", 
    "C_body_geo_0.vtx[86]", 
    "C_body_geo_0.vtx[87]", 
    "C_body_geo_0.vtx[92]", 
    "C_body_geo_0.vtx[93]", 
    "C_body_geo_0.vtx[104]", 
    "C_body_geo_0.vtx[150]", 
    "C_body_geo_0.vtx[940]", 
    "C_body_geo_0.vtx[958]", 
    "C_body_geo_0.vtx[959]", 
    "C_body_geo_0.vtx[960]"
  ], 
  "Thumb3": [
    "C_body_geo_0.vtx[74]", 
    "C_body_geo_0.vtx[78]", 
    "C_body_geo_0.vtx[91]", 
    "C_body_geo_0.vtx[95]", 
    "C_body_geo_0.vtx[101]", 
    "C_body_geo_0.vtx[108]", 
    "C_body_geo_0.vtx[1217]", 
    "C_body_geo_0.vtx[1218]", 
    "C_body_geo_0.vtx[1219]", 
    "C_body_geo_0.vtx[1220]", 
    "C_body_geo_0.vtx[1221]", 
    "C_body_geo_0.vtx[1222]"
  ], 
  "Thumb0": [
    "C_body_geo_0.vtx[100]", 
    "C_body_geo_0.vtx[125]", 
    "C_body_geo_0.vtx[212]", 
    "C_body_geo_0.vtx[221]", 
    "C_body_geo_0.vtx[525]", 
    "C_body_geo_0.vtx[539]", 
    "C_body_geo_0.vtx[540]", 
    "C_body_geo_0.vtx[544]", 
    "C_body_geo_0.vtx[859]"
  ], 
  "Thumb1": [
    "C_body_geo_0.vtx[98]", 
    "C_body_geo_0.vtx[114]", 
    "C_body_geo_0.vtx[116]", 
    "C_body_geo_0.vtx[118]"
  ], 
  "Index2": [
    "C_body_geo_0.vtx[331]", 
    "C_body_geo_0.vtx[334]", 
    "C_body_geo_0.vtx[350]", 
    "C_body_geo_0.vtx[393]", 
    "C_body_geo_0.vtx[420]", 
    "C_body_geo_0.vtx[979]", 
    "C_body_geo_0.vtx[980]", 
    "C_body_geo_0.vtx[981]", 
    "C_body_geo_0.vtx[1000]", 
    "C_body_geo_0.vtx[1001]", 
    "C_body_geo_0.vtx[1002]", 
    "C_body_geo_0.vtx[12235]"
  ], 
  "Index3": [
    "C_body_geo_0.vtx[355]", 
    "C_body_geo_0.vtx[358]", 
    "C_body_geo_0.vtx[361]", 
    "C_body_geo_0.vtx[424]", 
    "C_body_geo_0.vtx[427]", 
    "C_body_geo_0.vtx[1076]", 
    "C_body_geo_0.vtx[1077]", 
    "C_body_geo_0.vtx[1078]", 
    "C_body_geo_0.vtx[1133]", 
    "C_body_geo_0.vtx[1134]", 
    "C_body_geo_0.vtx[1135]", 
    "C_body_geo_0.vtx[12239]"
  ], 
  "Index0": [
    "C_body_geo_0.vtx[295]", 
    "C_body_geo_0.vtx[364]", 
    "C_body_geo_0.vtx[565]"
  ], 
  "Index1": [
    "C_body_geo_0.vtx[325]", 
    "C_body_geo_0.vtx[326]", 
    "C_body_geo_0.vtx[329]", 
    "C_body_geo_0.vtx[330]", 
    "C_body_geo_0.vtx[379]", 
    "C_body_geo_0.vtx[380]", 
    "C_body_geo_0.vtx[381]"
  ], 
  "Neck": [
    "C_body_geo_0.vtx[3464]", 
    "C_body_geo_0.vtx[3467]", 
    "C_body_geo_0.vtx[3507]", 
    "C_body_geo_0.vtx[3509]", 
    "C_body_geo_0.vtx[3646]", 
    "C_body_geo_0.vtx[3669]", 
    "C_body_geo_0.vtx[3775]", 
    "C_body_geo_0.vtx[3792]", 
    "C_body_geo_0.vtx[3793]", 
    "C_body_geo_0.vtx[3812]", 
    "C_body_geo_0.vtx[3834]", 
    "C_body_geo_0.vtx[5820]", 
    "C_body_geo_0.vtx[9365]", 
    "C_body_geo_0.vtx[9368]", 
    "C_body_geo_0.vtx[9408]", 
    "C_body_geo_0.vtx[9547]", 
    "C_body_geo_0.vtx[9570]", 
    "C_body_geo_0.vtx[9676]", 
    "C_body_geo_0.vtx[9693]", 
    "C_body_geo_0.vtx[9694]", 
    "C_body_geo_0.vtx[9735]"
  ], 
  "pinky0": [
    "C_body_geo_0.vtx[364]", 
    "C_body_geo_0.vtx[369]", 
    "C_body_geo_0.vtx[370]", 
    "C_body_geo_0.vtx[1239]"
  ], 
  "Ring3": [
    "C_body_geo_0.vtx[184]", 
    "C_body_geo_0.vtx[186]", 
    "C_body_geo_0.vtx[188]", 
    "C_body_geo_0.vtx[201]", 
    "C_body_geo_0.vtx[205]", 
    "C_body_geo_0.vtx[207]", 
    "C_body_geo_0.vtx[1145]", 
    "C_body_geo_0.vtx[1146]", 
    "C_body_geo_0.vtx[1147]", 
    "C_body_geo_0.vtx[1166]", 
    "C_body_geo_0.vtx[1167]", 
    "C_body_geo_0.vtx[1168]"
  ], 
  "Ring2": [
    "C_body_geo_0.vtx[136]", 
    "C_body_geo_0.vtx[171]", 
    "C_body_geo_0.vtx[174]", 
    "C_body_geo_0.vtx[178]", 
    "C_body_geo_0.vtx[191]", 
    "C_body_geo_0.vtx[192]", 
    "C_body_geo_0.vtx[1059]", 
    "C_body_geo_0.vtx[1060]", 
    "C_body_geo_0.vtx[1061]", 
    "C_body_geo_0.vtx[1172]", 
    "C_body_geo_0.vtx[1173]", 
    "C_body_geo_0.vtx[1174]"
  ], 
  "Ring1": [
    "C_body_geo_0.vtx[138]", 
    "C_body_geo_0.vtx[140]", 
    "C_body_geo_0.vtx[152]", 
    "C_body_geo_0.vtx[156]", 
    "C_body_geo_0.vtx[157]", 
    "C_body_geo_0.vtx[168]", 
    "C_body_geo_0.vtx[169]", 
    "C_body_geo_0.vtx[935]", 
    "C_body_geo_0.vtx[1467]", 
    "C_body_geo_0.vtx[1468]"
  ], 
  "Ring0": [
    "C_body_geo_0.vtx[122]", 
    "C_body_geo_0.vtx[124]", 
    "C_body_geo_0.vtx[125]", 
    "C_body_geo_0.vtx[127]", 
    "C_body_geo_0.vtx[211]", 
    "C_body_geo_0.vtx[532]", 
    "C_body_geo_0.vtx[533]", 
    "C_body_geo_0.vtx[541]", 
    "C_body_geo_0.vtx[967]", 
    "C_body_geo_0.vtx[1241]", 
    "C_body_geo_0.vtx[1470]"
  ], 
  "ankle": [
    "C_body_geo_0.vtx[4751]", 
    "C_body_geo_0.vtx[4755]", 
    "C_body_geo_0.vtx[4758]", 
    "C_body_geo_0.vtx[5208]", 
    "C_body_geo_0.vtx[5210]", 
    "C_body_geo_0.vtx[5211]", 
    "C_body_geo_0.vtx[5212]", 
    "C_body_geo_0.vtx[5294]", 
    "C_body_geo_0.vtx[5295]", 
    "C_body_geo_0.vtx[5517]"
  ], 
  "foot": [
    "C_body_geo_0.vtx[5355]", 
    "C_body_geo_0.vtx[5356]", 
    "C_body_geo_0.vtx[11866]", 
    "C_body_geo_0.vtx[11867]"
  ], 
  "knee": [
    "C_body_geo_0.vtx[1738]", 
    "C_body_geo_0.vtx[1739]", 
    "C_body_geo_0.vtx[1742]", 
    "C_body_geo_0.vtx[1749]", 
    "C_body_geo_0.vtx[1915]", 
    "C_body_geo_0.vtx[1916]", 
    "C_body_geo_0.vtx[1920]", 
    "C_body_geo_0.vtx[5571]", 
    "C_body_geo_0.vtx[5572]", 
    "C_body_geo_0.vtx[5573]", 
    "C_body_geo_0.vtx[5574]", 
    "C_body_geo_0.vtx[5578]", 
    "C_body_geo_0.vtx[5580]", 
    "C_body_geo_0.vtx[5584]", 
    "C_body_geo_0.vtx[5586]", 
    "C_body_geo_0.vtx[5592]", 
    "C_body_geo_0.vtx[5595]"
  ], 
  "Middle3": [
    "C_body_geo_0.vtx[259]", 
    "C_body_geo_0.vtx[262]", 
    "C_body_geo_0.vtx[272]", 
    "C_body_geo_0.vtx[276]", 
    "C_body_geo_0.vtx[278]", 
    "C_body_geo_0.vtx[347]", 
    "C_body_geo_0.vtx[1018]", 
    "C_body_geo_0.vtx[1019]", 
    "C_body_geo_0.vtx[1020]", 
    "C_body_geo_0.vtx[1036]", 
    "C_body_geo_0.vtx[1037]", 
    "C_body_geo_0.vtx[1038]"
  ], 
  "clavicle": [
    "C_body_geo_0.vtx[3801]", 
    "C_body_geo_0.vtx[4189]", 
    "C_body_geo_0.vtx[4190]", 
    "C_body_geo_0.vtx[5833]"
  ], 
  "Arm": [
    "C_body_geo_0.vtx[3480]", 
    "C_body_geo_0.vtx[3481]", 
    "C_body_geo_0.vtx[3483]", 
    "C_body_geo_0.vtx[3486]", 
    "C_body_geo_0.vtx[3492]", 
    "C_body_geo_0.vtx[3495]", 
    "C_body_geo_0.vtx[3496]", 
    "C_body_geo_0.vtx[3498]", 
    "C_body_geo_0.vtx[3500]", 
    "C_body_geo_0.vtx[3503]", 
    "C_body_geo_0.vtx[3594]", 
    "C_body_geo_0.vtx[3597]", 
    "C_body_geo_0.vtx[3608]", 
    "C_body_geo_0.vtx[3611]", 
    "C_body_geo_0.vtx[3615]", 
    "C_body_geo_0.vtx[3617]", 
    "C_body_geo_0.vtx[3713]", 
    "C_body_geo_0.vtx[3715]", 
    "C_body_geo_0.vtx[3770]", 
    "C_body_geo_0.vtx[4333]", 
    "C_body_geo_0.vtx[4334]", 
    "C_body_geo_0.vtx[4335]"
  ]
}